{"cameraMode":{"drawMode":0,"name":"Shaded","section":"Shading Mode"},"sceneLighting":false,"audioPlay":false,"sceneViewState":{"showFog":false,"showMaterialUpdate":false,"showSkybox":false,"showFlares":false,"showImageEffects":false,"showParticleSystems":false},"in2DMode":false,"pivot":{"x":0.26879212260246279,"y":6.488468170166016,"z":3.8112974166870119},"rotation":{"x":0.6295397877693176,"y":0.024671155959367753,"z":-0.020087648183107377,"w":0.7764144539833069},"size":23.79664421081543,"orthographic":false}