{"cameraMode":{"drawMode":0,"name":"Shaded","section":"Shading Mode"},"sceneLighting":true,"audioPlay":false,"sceneViewState":{"showFog":false,"showMaterialUpdate":false,"showSkybox":false,"showFlares":false,"showImageEffects":false,"showParticleSystems":false},"in2DMode":false,"pivot":{"x":-15.365753173828125,"y":-1.5180168151855469,"z":-17.92572021484375},"rotation":{"x":0.18088440597057343,"y":-0.30674147605895998,"z":0.06218215078115463,"w":0.9330911040306091},"size":67.445556640625,"orthographic":false}