{"cameraMode":{"drawMode":0,"name":"Shaded","section":"Shading Mode"},"sceneLighting":false,"audioPlay":false,"sceneViewState":{"showFog":false,"showMaterialUpdate":false,"showSkybox":false,"showFlares":false,"showImageEffects":false,"showParticleSystems":false},"in2DMode":false,"pivot":{"x":-3.321061372756958,"y":-0.0006263657123781741,"z":-7.200366497039795},"rotation":{"x":-0.007611533626914024,"y":-0.21405264735221864,"z":0.0017412357265129686,"w":-0.9768490195274353},"size":0.4770422875881195,"orthographic":true}