{"cameraMode":{"drawMode":0,"name":"Shaded","section":"Shading Mode"},"sceneLighting":true,"audioPlay":false,"sceneViewState":{"showFog":false,"showMaterialUpdate":false,"showSkybox":false,"showFlares":false,"showImageEffects":false,"showParticleSystems":false},"in2DMode":false,"pivot":{"x":-3.010920524597168,"y":29.644336700439454,"z":-52.13821792602539},"rotation":{"x":0.32301098108291628,"y":0.09839455038309097,"z":-0.03159451484680176,"w":0.9414181113243103},"size":6.284199237823486,"orthographic":false}