{"cameraMode":{"drawMode":0,"name":"Shaded","section":"Shading Mode"},"sceneLighting":false,"audioPlay":false,"sceneViewState":{"showFog":false,"showMaterialUpdate":false,"showSkybox":false,"showFlares":false,"showImageEffects":false,"showParticleSystems":false},"in2DMode":false,"pivot":{"x":-20.64297866821289,"y":3.068636417388916,"z":-18.942825317382814},"rotation":{"x":-0.007611533626914024,"y":-0.21405264735221864,"z":0.0017412357265129686,"w":-0.9768490195274353},"size":1.1667261123657227,"orthographic":true}