{"cameraMode":{"drawMode":0,"name":"Shaded","section":"Shading Mode"},"sceneLighting":false,"audioPlay":false,"sceneViewState":{"showFog":false,"showMaterialUpdate":false,"showSkybox":false,"showFlares":false,"showImageEffects":false,"showParticleSystems":false},"in2DMode":false,"pivot":{"x":-0.5347877740859985,"y":0.0008824257529340684,"z":-0.06783970445394516},"rotation":{"x":-0.10098601132631302,"y":-0.8950921893119812,"z":0.2596401572227478,"w":-0.348296195268631},"size":0.8977241516113281,"orthographic":true}