{"cameraMode":{"drawMode":0,"name":"Shaded","section":"Shading Mode"},"sceneLighting":false,"audioPlay":false,"sceneViewState":{"showFog":false,"showMaterialUpdate":false,"showSkybox":false,"showFlares":false,"showImageEffects":false,"showParticleSystems":false},"in2DMode":false,"pivot":{"x":-75.60554504394531,"y":83.8435287475586,"z":49.52909469604492},"rotation":{"x":-0.12962014973163606,"y":-0.7765414714813232,"z":0.1664319783449173,"w":-0.5948547720909119},"size":14.96985912322998,"orthographic":false}