{"cameraMode":{"drawMode":0,"name":"Shaded","section":"Shading Mode"},"sceneLighting":false,"audioPlay":false,"sceneViewState":{"showFog":false,"showMaterialUpdate":false,"showSkybox":false,"showFlares":false,"showImageEffects":false,"showParticleSystems":false},"in2DMode":false,"pivot":{"x":0.08374737948179245,"y":-0.21820789575576783,"z":4.869016647338867},"rotation":{"x":0.40506598353385928,"y":0.03317543864250183,"z":-0.014763987623155117,"w":0.9136496782302856},"size":23.79664421081543,"orthographic":false}