{"cameraMode":{"drawMode":0,"name":"Shaded","section":"Shading Mode"},"sceneLighting":false,"audioPlay":false,"sceneViewState":{"showFog":false,"showMaterialUpdate":false,"showSkybox":false,"showFlares":false,"showImageEffects":false,"showParticleSystems":false},"in2DMode":false,"pivot":{"x":-7.692335605621338,"y":15.366767883300782,"z":1.7603785991668702},"rotation":{"x":0.4138796031475067,"y":-0.5686551332473755,"z":0.4006507098674774,"w":0.5873536467552185},"size":22.981840133666993,"orthographic":false}