{"cameraMode":{"drawMode":0,"name":"Shaded","section":"Shading Mode"},"sceneLighting":false,"audioPlay":false,"sceneViewState":{"showFog":false,"showMaterialUpdate":false,"showSkybox":false,"showFlares":false,"showImageEffects":false,"showParticleSystems":false},"in2DMode":false,"pivot":{"x":-12.80740737915039,"y":14.075191497802735,"z":-38.20602798461914},"rotation":{"x":-0.11242756992578507,"y":-0.6578378677368164,"z":0.09682081639766693,"w":-0.7391994595527649},"size":6.492556095123291,"orthographic":false}